{"stat.walkOneCm":13048,"achievement.openInventory":14,"stat.itemEnchanted":3,"stat.leaveGame":15,"stat.damageTaken":75,"stat.mobKills":1,"stat.flyOneCm":12328,"stat.jump":78,"stat.swimOneCm":105,"stat.playOneMinute":102678,"stat.fallOneCm":433,"stat.useItem.minecraft.enchanting_table":1,"stat.damageDealt":110,"stat.crouchOneCm":13,"stat.timeSinceDeath":102678,"stat.sprintOneCm":2678,"achievement.exploreAllBiomes":{"value":0,"progress":["Beach","Plains"]},"stat.mineBlock.minecraft.tallgrass":3,"stat.diveOneCm":3490}