{
    "@encoding": "iso-8859-1",
    "@version": "1.0",
    "petfinder": {
        "@xmlns:xsi": "http://www.w3.org/2001/XMLSchema-instance",
        "lastOffset": {
            "$t": "10"
        },
        "pets": {
            "pet": [{
                "options": {
                    "option": [{
                        "$t": "hasShots"
                    }, {
                        "$t": "altered"
                    }, {
                        "$t": "noCats"
                    }, {
                        "$t": "housetrained"
                    }]
                },
                "status": {
                    "$t": "A"
                },
                "contact": {
                    "phone": {},
                    "state": {
                        "$t": "NJ"
                    },
                    "address2": {},
                    "email": {
                        "$t": "LadySetter@esrescue.org "
                    },
                    "city": {
                        "$t": "Pemberton"
                    },
                    "zip": {
                        "$t": "08068"
                    },
                    "fax": {},
                    "address1": {}
                },
                "age": {
                    "$t": "Senior"
                },
                "size": {
                    "$t": "M"
                },
                "media": {
                    "photos": {
                        "photo": [{
                            "@size": "pnt",
                            "$t": "http://photos.petfinder.com/photos/pets/29651752/1/?bust=1427224738&width=60&-pnt.jpg",
                            "@id": "1"
                        }, {
                            "@size": "fpm",
                            "$t": "http://photos.petfinder.com/photos/pets/29651752/1/?bust=1427224738&width=95&-fpm.jpg",
                            "@id": "1"
                        }, {
                            "@size": "x",
                            "$t": "http://photos.petfinder.com/photos/pets/29651752/1/?bust=1427224738&width=500&-x.jpg",
                            "@id": "1"
                        }, {
                            "@size": "pn",
                            "$t": "http://photos.petfinder.com/photos/pets/29651752/1/?bust=1427224738&width=300&-pn.jpg",
                            "@id": "1"
                        }, {
                            "@size": "t",
                            "$t": "http://photos.petfinder.com/photos/pets/29651752/1/?bust=1427224738&width=50&-t.jpg",
                            "@id": "1"
                        }, {
                            "@size": "pnt",
                            "$t": "http://photos.petfinder.com/photos/pets/29651752/2/?bust=1404335953&width=60&-pnt.jpg",
                            "@id": "2"
                        }, {
                            "@size": "fpm",
                            "$t": "http://photos.petfinder.com/photos/pets/29651752/2/?bust=1404335953&width=95&-fpm.jpg",
                            "@id": "2"
                        }, {
                            "@size": "x",
                            "$t": "http://photos.petfinder.com/photos/pets/29651752/2/?bust=1404335953&width=500&-x.jpg",
                            "@id": "2"
                        }, {
                            "@size": "pn",
                            "$t": "http://photos.petfinder.com/photos/pets/29651752/2/?bust=1404335953&width=300&-pn.jpg",
                            "@id": "2"
                        }, {
                            "@size": "t",
                            "$t": "http://photos.petfinder.com/photos/pets/29651752/2/?bust=1404335953&width=50&-t.jpg",
                            "@id": "2"
                        }, {
                            "@size": "pnt",
                            "$t": "http://photos.petfinder.com/photos/pets/29651752/3/?bust=1404335954&width=60&-pnt.jpg",
                            "@id": "3"
                        }, {
                            "@size": "fpm",
                            "$t": "http://photos.petfinder.com/photos/pets/29651752/3/?bust=1404335954&width=95&-fpm.jpg",
                            "@id": "3"
                        }, {
                            "@size": "x",
                            "$t": "http://photos.petfinder.com/photos/pets/29651752/3/?bust=1404335954&width=500&-x.jpg",
                            "@id": "3"
                        }, {
                            "@size": "pn",
                            "$t": "http://photos.petfinder.com/photos/pets/29651752/3/?bust=1404335954&width=300&-pn.jpg",
                            "@id": "3"
                        }, {
                            "@size": "t",
                            "$t": "http://photos.petfinder.com/photos/pets/29651752/3/?bust=1404335954&width=50&-t.jpg",
                            "@id": "3"
                        }]
                    }
                },
                "id": {
                    "$t": "29651752"
                },
                "shelterPetId": {},
                "breeds": {
                    "breed": {
                        "$t": "English Setter"
                    }
                },
                "name": {
                    "$t": "Daisy - NJ"
                },
                "sex": {
                    "$t": "F"
                },
                "description": {
                    "$t": "Daisy is an 9 - 10 year old purebred Orange Belton with papers.  She spent the first 7+ years of her life living outside in a pen with very little human contact, outside of hunting.  For years, a neighbor asked the owner to surrender Daisy and 2 other dogs and finally the owner agreed to surrender 2 of them.  Despite her rough beginning, Daisy is very sweet & gentle.  She loves people, especially men, and is very affectionate.  She's also great with kids.  She gets along with male dogs but not so much female dogs.  She hasn't been tested on cats, but with her hunting background and high prey drive, she would most likely want to hunt them.  She loves to be outside and keeps the yard free of squirrels, rabbits, moles, etc.  She does like to dig for moles.  Even with her hight prey drive, she has never attempted to jump the 3 ft high fence at her foster home.  Daisy is house trained and does not go on the furniture at her foster home.  She does not need a crate and is only gated in a room when her foster parents are not home.  \n\nDaisy is a little slow to warm up to other dogs and will bark at them initially.  She is still learning how to walk on a leash without pulling but a harness should help with that.  She does need to be walked with a chain link leash as she will chew right through any other kind of leash, she's so excited to go for a walk!!!  She would probably do very well being trained to an ecollar so she could run free while still being under control.  Daisy tends to bond with one person, especially a male, and listens best to commands from that person.\n\nDaisy is heart worm negative, but had Lyme Disease when she was brought into her foster home.  She recovered well, but between that and her rough life, she does have a somewhat stiff hind end and has some difficulty navigating steps.  You would never know it when she's outside running around, thoughÃ¢Â€Â¦she does not act like her age when she's in hunting mode!  Daisy had a severe reaction to the DHLPP vaccination and can not have any boosters for the rest of her life.  Daisy also had a tumor removed and has been spayed since in foster and recovered very well.  Daisy is going strong!\n\nThis beautiful girl has had a rough life, and despite that, she's still a sweetheart and very spry.   She would make a loyal companion for the right home.  Don't you want to give her a new lease on life?  This golden girl sure deserves it.  \n\nAbAbove and Beyond English Setter Rescue is not a shelter, but a group of volunteers who are committed to finding excellent homes for the dogs in our program. All of our dogs are living in foster homes in states across the country. Often times a dog is not geographically close to where an adopter lives. When possible, transport assistance is provided at no cost to the adopter. Our transports are coordinated by dedicated volunteers and driven by selfless volunteers.  For more information and to complete an application, please visit us at http://www.esrescue.org/Application.html"
                },
                "mix": {
                    "$t": "no"
                },
                "shelterId": {
                    "$t": "PA302"
                },
                "lastUpdate": {
                    "$t": "2015-07-16T14:21:54Z"
                },
                "animal": {
                    "$t": "Dog"
                }
            }, {
                "options": {
                    "option": [{
                        "$t": "hasShots"
                    }, {
                        "$t": "altered"
                    }, {
                        "$t": "housetrained"
                    }]
                },
                "status": {
                    "$t": "A"
                },
                "contact": {
                    "phone": {},
                    "state": {
                        "$t": "GA"
                    },
                    "address2": {},
                    "email": {
                        "$t": "LadySetter@esrescue.org "
                    },
                    "city": {
                        "$t": "Marietta"
                    },
                    "zip": {
                        "$t": "30060"
                    },
                    "fax": {},
                    "address1": {}
                },
                "age": {
                    "$t": "Young"
                },
                "size": {
                    "$t": "M"
                },
                "media": {
                    "photos": {
                        "photo": [{
                            "@size": "pnt",
                            "$t": "http://photos.petfinder.com/photos/pets/29659039/1/?bust=1404408912&width=60&-pnt.jpg",
                            "@id": "1"
                        }, {
                            "@size": "fpm",
                            "$t": "http://photos.petfinder.com/photos/pets/29659039/1/?bust=1404408912&width=95&-fpm.jpg",
                            "@id": "1"
                        }, {
                            "@size": "x",
                            "$t": "http://photos.petfinder.com/photos/pets/29659039/1/?bust=1404408912&width=500&-x.jpg",
                            "@id": "1"
                        }, {
                            "@size": "pn",
                            "$t": "http://photos.petfinder.com/photos/pets/29659039/1/?bust=1404408912&width=300&-pn.jpg",
                            "@id": "1"
                        }, {
                            "@size": "t",
                            "$t": "http://photos.petfinder.com/photos/pets/29659039/1/?bust=1404408912&width=50&-t.jpg",
                            "@id": "1"
                        }, {
                            "@size": "pnt",
                            "$t": "http://photos.petfinder.com/photos/pets/29659039/2/?bust=1404408913&width=60&-pnt.jpg",
                            "@id": "2"
                        }, {
                            "@size": "fpm",
                            "$t": "http://photos.petfinder.com/photos/pets/29659039/2/?bust=1404408913&width=95&-fpm.jpg",
                            "@id": "2"
                        }, {
                            "@size": "x",
                            "$t": "http://photos.petfinder.com/photos/pets/29659039/2/?bust=1404408913&width=500&-x.jpg",
                            "@id": "2"
                        }, {
                            "@size": "pn",
                            "$t": "http://photos.petfinder.com/photos/pets/29659039/2/?bust=1404408913&width=300&-pn.jpg",
                            "@id": "2"
                        }, {
                            "@size": "t",
                            "$t": "http://photos.petfinder.com/photos/pets/29659039/2/?bust=1404408913&width=50&-t.jpg",
                            "@id": "2"
                        }, {
                            "@size": "pnt",
                            "$t": "http://photos.petfinder.com/photos/pets/29659039/3/?bust=1404408913&width=60&-pnt.jpg",
                            "@id": "3"
                        }, {
                            "@size": "fpm",
                            "$t": "http://photos.petfinder.com/photos/pets/29659039/3/?bust=1404408913&width=95&-fpm.jpg",
                            "@id": "3"
                        }, {
                            "@size": "x",
                            "$t": "http://photos.petfinder.com/photos/pets/29659039/3/?bust=1404408913&width=500&-x.jpg",
                            "@id": "3"
                        }, {
                            "@size": "pn",
                            "$t": "http://photos.petfinder.com/photos/pets/29659039/3/?bust=1404408913&width=300&-pn.jpg",
                            "@id": "3"
                        }, {
                            "@size": "t",
                            "$t": "http://photos.petfinder.com/photos/pets/29659039/3/?bust=1404408913&width=50&-t.jpg",
                            "@id": "3"
                        }]
                    }
                },
                "id": {
                    "$t": "29659039"
                },
                "shelterPetId": {},
                "breeds": {
                    "breed": {
                        "$t": "Black Mouth Cur"
                    }
                },
                "name": {
                    "$t": "Teddie"
                },
                "sex": {
                    "$t": "F"
                },
                "description": {
                    "$t": "Hello out there! I know you are all wondering, what is this ADORABLE DOGGIE doing in the middle of the English setter page! Was this a mistake? Am I posted on the correct page? Is this an oversight of some kind? Now IÃ¢Â€Â™m starting to think, AM I PART ENGLISH SETTER?  All of these thoughts were running through my doggie brain until I talked with my awesome foster mom. I asked her, Ã¢Â€ÂœWill I ever have freckles or a feathery tail? Will I have a sudden desire to point at every bird and bunny I see?Ã¢Â€Â She told me, no, but said that I am an equally sweet and special girl and deserve a forever family of my own! \n\nShe reminded me that I was found at her place of employment and how I laid quietly at her feet while she worked until animal control picked me up. When no one claimed me at animal control after 2 weeks, my now-foster-mom showed up (just like she promised me!) to spring me out of there as she was worried I would be overlooked with so many dogs vying for attention. I was very scared and IÃ¢Â€Â™m so happy and grateful she did! \n\nI keep wondering why IÃ¢Â€Â™m being overlooked now though. IÃ¢Â€Â™m super cute and I weigh 43 pounds, the perfect size to go on walks or snuggle in a lap, which I love to do. I have a thick double coat and I LOVE to have my ears rubbed. I know Ã¢Â€ÂœsitÃ¢Â€Â, Ã¢Â€ÂœdownÃ¢Â€Â, and Ã¢Â€ÂœstayÃ¢Â€Â and IÃ¢Â€Â™m not destructive in the house. I also love to play with my fur siblings, although I know sometimes I do get a little rambunctious with them and then they let me know. (I love to PLAY with other dogs!) But then I remind them that I am young and still learning; \n\nIÃ¢Â€Â™m a youngster at only 2 1/2 years old. IÃ¢Â€Â™m also potty trained. IÃ¢Â€Â™m trying to remember that IÃ¢Â€Â™m safe now and not to squeeze through doors-which is how I probably ended up as a stray the first time, and I donÃ¢Â€Â™t want that again! I need a yard where I can get plenty of exercise and then IÃ¢Â€Â™ll settle down and give you lots of hugs and kisses as I am a very affectionate girl. \n\nI am HW negative, spayed, UTD on all shots, and just finished my basic obedience class! I am being fostered in Kennesaw, GA. In most cases, I can be transported by  volunteers to within 2 hours of your home.\n\nSo stop looking at all those silly setters and PLEASE give me a chance-you wonÃ¢Â€Â™t be sorry. Love, Teddie.\n\nAbove and Beyond English Setter Rescue is not a shelter, but a group of volunteers who are committed to finding excellent homes for the dogs in our program. All of our dogs are living in foster homes in states across the country. Often times a dog is not geographically close to where an adopter lives. When possible, transport assistance is provided at no cost to the adopter. Our transports are coordinated by dedicated volunteers and driven by selfless volunteers.  For more information and to complete an application, please visit us at http://www.esrescue.org/Application.html"
                },
                "mix": {
                    "$t": "yes"
                },
                "shelterId": {
                    "$t": "PA302"
                },
                "lastUpdate": {
                    "$t": "2015-11-23T03:11:38Z"
                },
                "animal": {
                    "$t": "Dog"
                }
            }, {
                "options": {
                    "option": [{
                        "$t": "hasShots"
                    }, {
                        "$t": "altered"
                    }, {
                        "$t": "housetrained"
                    }]
                },
                "status": {
                    "$t": "A"
                },
                "contact": {
                    "phone": {},
                    "state": {
                        "$t": "SC"
                    },
                    "address2": {},
                    "email": {
                        "$t": "LadySetter@esrescue.org "
                    },
                    "city": {
                        "$t": "Charleston"
                    },
                    "zip": {
                        "$t": "29401"
                    },
                    "fax": {},
                    "address1": {}
                },
                "age": {
                    "$t": "Senior"
                },
                "size": {
                    "$t": "M"
                },
                "media": {
                    "photos": {
                        "photo": [{
                            "@size": "pnt",
                            "$t": "http://photos.petfinder.com/photos/pets/31044448/1/?bust=1418703857&width=60&-pnt.jpg",
                            "@id": "1"
                        }, {
                            "@size": "fpm",
                            "$t": "http://photos.petfinder.com/photos/pets/31044448/1/?bust=1418703857&width=95&-fpm.jpg",
                            "@id": "1"
                        }, {
                            "@size": "x",
                            "$t": "http://photos.petfinder.com/photos/pets/31044448/1/?bust=1418703857&width=500&-x.jpg",
                            "@id": "1"
                        }, {
                            "@size": "pn",
                            "$t": "http://photos.petfinder.com/photos/pets/31044448/1/?bust=1418703857&width=300&-pn.jpg",
                            "@id": "1"
                        }, {
                            "@size": "t",
                            "$t": "http://photos.petfinder.com/photos/pets/31044448/1/?bust=1418703857&width=50&-t.jpg",
                            "@id": "1"
                        }, {
                            "@size": "pnt",
                            "$t": "http://photos.petfinder.com/photos/pets/31044448/2/?bust=1418703857&width=60&-pnt.jpg",
                            "@id": "2"
                        }, {
                            "@size": "fpm",
                            "$t": "http://photos.petfinder.com/photos/pets/31044448/2/?bust=1418703857&width=95&-fpm.jpg",
                            "@id": "2"
                        }, {
                            "@size": "x",
                            "$t": "http://photos.petfinder.com/photos/pets/31044448/2/?bust=1418703857&width=500&-x.jpg",
                            "@id": "2"
                        }, {
                            "@size": "pn",
                            "$t": "http://photos.petfinder.com/photos/pets/31044448/2/?bust=1418703857&width=300&-pn.jpg",
                            "@id": "2"
                        }, {
                            "@size": "t",
                            "$t": "http://photos.petfinder.com/photos/pets/31044448/2/?bust=1418703857&width=50&-t.jpg",
                            "@id": "2"
                        }, {
                            "@size": "pnt",
                            "$t": "http://photos.petfinder.com/photos/pets/31044448/3/?bust=1418703858&width=60&-pnt.jpg",
                            "@id": "3"
                        }, {
                            "@size": "fpm",
                            "$t": "http://photos.petfinder.com/photos/pets/31044448/3/?bust=1418703858&width=95&-fpm.jpg",
                            "@id": "3"
                        }, {
                            "@size": "x",
                            "$t": "http://photos.petfinder.com/photos/pets/31044448/3/?bust=1418703858&width=500&-x.jpg",
                            "@id": "3"
                        }, {
                            "@size": "pn",
                            "$t": "http://photos.petfinder.com/photos/pets/31044448/3/?bust=1418703858&width=300&-pn.jpg",
                            "@id": "3"
                        }, {
                            "@size": "t",
                            "$t": "http://photos.petfinder.com/photos/pets/31044448/3/?bust=1418703858&width=50&-t.jpg",
                            "@id": "3"
                        }]
                    }
                },
                "id": {
                    "$t": "31044448"
                },
                "shelterPetId": {},
                "breeds": {
                    "breed": {
                        "$t": "English Setter"
                    }
                },
                "name": {
                    "$t": "Rocky-GA"
                },
                "sex": {
                    "$t": "M"
                },
                "description": {
                    "$t": "Because of his age, we do not want to transport him more than 6 hours from his foster home in Charleston, SC.\n\nFoster dog name: Rocky-GA AB#2015-039\nGender:male\nAge: 11, Approx. DOB 11/8/04\nSize/Weight: 45#\nColor: \"Blue\" meaning, black & white\n\nSocialization/training:\nGood with Children:\nGood with Dogs: yes\nGood with Cats: yes, but inconsistent\nHe has no problem being a loner but gets along fine with my two and my friend's two teacup schnauzers. But because we have seen an increase in his prey drive of critters outside, we feel that Rocky should not be placed in a home with small animals. He is fine with our \"critters\", but in a new home with strange little pets, we are not sure he could be trusted.\n\nHouse trained: yes\nCrate trained:\nLeash trained: Rocky still needs work to walk nicely on a leash. He is quite a strong puller, but by the end of the walk he is OK, still wanting to walk ahead.  A different collar or harness might be beneficial.  Repeated walks would improve this I am sure.  He enjoys going on walks and is eager to go.  He loves riding in the car and rests quietly on the back seat.\n\n\nActivity Level: Low, he tends to sleep most of the day...usually on the bed :-)\nFence: For example required? hard fence? height? invisible trained? leash walking sufficient?\n\nBehavior: He loves attention and will come stand in front of you for an ear rub.  He is very content to sleep with or without company.  He will take himself out of the room we are in and go upstairs to the bed.\n\nMedical History: Up to date on all vaccines\nHe is mostly deaf, but we think he can hear clapping. You can easily get his attention through moving or flashing lights.\n\nFoster Comments: Rocky's \"family\" moved and left Rocky to live outside in a crate covered by a tarp. He is a sweet, gentle soul. \n\nRocky is currently living with dogs, cats and parrots! He gets along with everyone, although I wouldn't suggest leaving him alone with a loose parrot. Even though Rocky is an older Gent, he will play very briefly.  He enjoys short times of \"fetch\" but I've never thrown the ball far as his body is not the youngest! He will jump around and play very briefly with our younger dogs but it's hard to tell if age/not hearing/not wanting to, enters in because he will lose interest and wander away fairly quickly. \n\nBecause Rocky is hard of hearing, we are working on \"no\" as far as proper sign language. He is so little trouble that we haven't really needed to do much else.  No is usually for barking at the birds or cat.  When we let him out before going to bed for the night, there are times when we've had to flip the light on and off to get his attention to bring him back in.\n\nRocky is an \"easy keeper\" and just has the usual senior citizen issues, but nothing to be concerned about. He will be adopted at a very reduced fee because of his age.\n\nFoster Location:Charleston, SC. Because of his age, we do not want to transport him more than 6 hours from his foster home in Charleston, SC.\nIn most cases, volunteer transport is available for your adopted dog to within 2 hours of your home.\n\nAbove and Beyond English Setter Rescue is not a shelter, but a group of volunteers who are committed to finding excellent homes for the dogs in our program. All of our dogs are living in foster homes in states across the country. Often times a dog is not geographically close to where an adopter lives. When possible, transport assistance is provided at no cost to the adopter. Our transports are coordinated by dedicated volunteers and driven by selfless volunteers.  For more information and to complete an application, please visit us at http://www.esrescue.org/Application.html"
                },
                "mix": {
                    "$t": "no"
                },
                "shelterId": {
                    "$t": "PA302"
                },
                "lastUpdate": {
                    "$t": "2015-11-22T20:30:13Z"
                },
                "animal": {
                    "$t": "Dog"
                }
            }, {
                "options": {
                    "option": [{
                        "$t": "hasShots"
                    }, {
                        "$t": "altered"
                    }, {
                        "$t": "noCats"
                    }, {
                        "$t": "housetrained"
                    }]
                },
                "status": {
                    "$t": "A"
                },
                "contact": {
                    "phone": {},
                    "state": {
                        "$t": "MA"
                    },
                    "address2": {},
                    "email": {
                        "$t": "LadySetter@esrescue.org "
                    },
                    "city": {
                        "$t": "New Bedford"
                    },
                    "zip": {
                        "$t": "02745"
                    },
                    "fax": {},
                    "address1": {}
                },
                "age": {
                    "$t": "Senior"
                },
                "size": {
                    "$t": "M"
                },
                "media": {
                    "photos": {
                        "photo": [{
                            "@size": "pnt",
                            "$t": "http://photos.petfinder.com/photos/pets/32120844/1/?bust=1431212844&width=60&-pnt.jpg",
                            "@id": "1"
                        }, {
                            "@size": "fpm",
                            "$t": "http://photos.petfinder.com/photos/pets/32120844/1/?bust=1431212844&width=95&-fpm.jpg",
                            "@id": "1"
                        }, {
                            "@size": "x",
                            "$t": "http://photos.petfinder.com/photos/pets/32120844/1/?bust=1431212844&width=500&-x.jpg",
                            "@id": "1"
                        }, {
                            "@size": "pn",
                            "$t": "http://photos.petfinder.com/photos/pets/32120844/1/?bust=1431212844&width=300&-pn.jpg",
                            "@id": "1"
                        }, {
                            "@size": "t",
                            "$t": "http://photos.petfinder.com/photos/pets/32120844/1/?bust=1431212844&width=50&-t.jpg",
                            "@id": "1"
                        }, {
                            "@size": "pnt",
                            "$t": "http://photos.petfinder.com/photos/pets/32120844/2/?bust=1431212844&width=60&-pnt.jpg",
                            "@id": "2"
                        }, {
                            "@size": "fpm",
                            "$t": "http://photos.petfinder.com/photos/pets/32120844/2/?bust=1431212844&width=95&-fpm.jpg",
                            "@id": "2"
                        }, {
                            "@size": "x",
                            "$t": "http://photos.petfinder.com/photos/pets/32120844/2/?bust=1431212844&width=500&-x.jpg",
                            "@id": "2"
                        }, {
                            "@size": "pn",
                            "$t": "http://photos.petfinder.com/photos/pets/32120844/2/?bust=1431212844&width=300&-pn.jpg",
                            "@id": "2"
                        }, {
                            "@size": "t",
                            "$t": "http://photos.petfinder.com/photos/pets/32120844/2/?bust=1431212844&width=50&-t.jpg",
                            "@id": "2"
                        }, {
                            "@size": "pnt",
                            "$t": "http://photos.petfinder.com/photos/pets/32120844/3/?bust=1445806625&width=60&-pnt.jpg",
                            "@id": "3"
                        }, {
                            "@size": "fpm",
                            "$t": "http://photos.petfinder.com/photos/pets/32120844/3/?bust=1445806625&width=95&-fpm.jpg",
                            "@id": "3"
                        }, {
                            "@size": "x",
                            "$t": "http://photos.petfinder.com/photos/pets/32120844/3/?bust=1445806625&width=500&-x.jpg",
                            "@id": "3"
                        }, {
                            "@size": "pn",
                            "$t": "http://photos.petfinder.com/photos/pets/32120844/3/?bust=1445806625&width=300&-pn.jpg",
                            "@id": "3"
                        }, {
                            "@size": "t",
                            "$t": "http://photos.petfinder.com/photos/pets/32120844/3/?bust=1445806625&width=50&-t.jpg",
                            "@id": "3"
                        }]
                    }
                },
                "id": {
                    "$t": "32120844"
                },
                "shelterPetId": {},
                "breeds": {
                    "breed": {
                        "$t": "English Setter"
                    }
                },
                "name": {
                    "$t": "Prince"
                },
                "sex": {
                    "$t": "M"
                },
                "description": {
                    "$t": "Good with dogs \nNo Cats\nAdoption no further than 5-6 hours from New Bedford, MA.\nMinimal steps in home/yard.\n\nPrince is just a bundle of love. He is aprox 10 years old and on the small side at 30lbs. He was found shivering under a porch and a good samaritan took him in.\n\nAll Prince wants to do is be with you. He will follow you around wanting attention. Your lap is where he loves to be.\n\nPrince is an older dog who seems to have had a hard life which has left him with some health issues. He tested erlichia  positive but has no symptoms. His vision is not the best. It seems he can see a little  up close. He is also deaf. For all this he is still pretty good at keeping track of you and it makes him feel more secure to stick close. The nose is still working, when out for a walk, he was still able to smell and try to point out birds!\n\nHe does have arthritis in his back, which has slowed him down and makes stairs really hard for him and sometimes he needs a bit of help.  He is on joint supplements and anti inflammatories. He is really good taking his medication\n\nHe loves to go for walks, and is great on the leash. Short walks are great for him and he moves better when he gets out regularly.\n\nHe is housebroken and will go to the door when he needs to go out. Soft food with a little kibble is best for him as his teeth are not in the best shape. He's missing some here and there so some soft food makes it easier on him. It doesn't stop him however from eating his favorite treat... cheese puffs.\n\nPrince would like nothing more than a quiet place with someone to give him a lot of love some good food and some short walks. \n\nHe is neutered and utd on shots. His adoption fee will be 1/2 the regular adoption fee. Prince is being fostered in New Bedford, MA. In most cases, volunteer transport of your adopted dog is available to within 2 hours of your home.\n\n\nAbove and Beyond English Setter Rescue is not a shelter, but a group of volunteers who are committed to finding excellent homes for the dogs in our program. All of our dogs are living in foster homes in states across the country. Often times a dog is not geographically close to where an adopter lives. When possible, transport assistance is provided at no cost to the adopter. Our transports are coordinated by dedicated volunteers and driven by selfless volunteers.  For more information and to complete an application, please visit us at http://www.esrescue.org/Application.html"
                },
                "mix": {
                    "$t": "no"
                },
                "shelterId": {
                    "$t": "PA302"
                },
                "lastUpdate": {
                    "$t": "2015-10-25T20:57:04Z"
                },
                "animal": {
                    "$t": "Dog"
                }
            }, {
                "options": {
                    "option": [{
                        "$t": "hasShots"
                    }, {
                        "$t": "altered"
                    }, {
                        "$t": "housetrained"
                    }]
                },
                "status": {
                    "$t": "A"
                },
                "contact": {
                    "phone": {},
                    "state": {
                        "$t": "NY"
                    },
                    "address2": {},
                    "email": {
                        "$t": "LadySetter@esrescue.org "
                    },
                    "city": {
                        "$t": "Kent"
                    },
                    "zip": {
                        "$t": "14477"
                    },
                    "fax": {},
                    "address1": {}
                },
                "age": {
                    "$t": "Senior"
                },
                "size": {
                    "$t": "M"
                },
                "media": {
                    "photos": {
                        "photo": [{
                            "@size": "pnt",
                            "$t": "http://photos.petfinder.com/photos/pets/32539434/1/?bust=1435189339&width=60&-pnt.jpg",
                            "@id": "1"
                        }, {
                            "@size": "fpm",
                            "$t": "http://photos.petfinder.com/photos/pets/32539434/1/?bust=1435189339&width=95&-fpm.jpg",
                            "@id": "1"
                        }, {
                            "@size": "x",
                            "$t": "http://photos.petfinder.com/photos/pets/32539434/1/?bust=1435189339&width=500&-x.jpg",
                            "@id": "1"
                        }, {
                            "@size": "pn",
                            "$t": "http://photos.petfinder.com/photos/pets/32539434/1/?bust=1435189339&width=300&-pn.jpg",
                            "@id": "1"
                        }, {
                            "@size": "t",
                            "$t": "http://photos.petfinder.com/photos/pets/32539434/1/?bust=1435189339&width=50&-t.jpg",
                            "@id": "1"
                        }, {
                            "@size": "pnt",
                            "$t": "http://photos.petfinder.com/photos/pets/32539434/2/?bust=1435189340&width=60&-pnt.jpg",
                            "@id": "2"
                        }, {
                            "@size": "fpm",
                            "$t": "http://photos.petfinder.com/photos/pets/32539434/2/?bust=1435189340&width=95&-fpm.jpg",
                            "@id": "2"
                        }, {
                            "@size": "x",
                            "$t": "http://photos.petfinder.com/photos/pets/32539434/2/?bust=1435189340&width=500&-x.jpg",
                            "@id": "2"
                        }, {
                            "@size": "pn",
                            "$t": "http://photos.petfinder.com/photos/pets/32539434/2/?bust=1435189340&width=300&-pn.jpg",
                            "@id": "2"
                        }, {
                            "@size": "t",
                            "$t": "http://photos.petfinder.com/photos/pets/32539434/2/?bust=1435189340&width=50&-t.jpg",
                            "@id": "2"
                        }, {
                            "@size": "pnt",
                            "$t": "http://photos.petfinder.com/photos/pets/32539434/3/?bust=1435189341&width=60&-pnt.jpg",
                            "@id": "3"
                        }, {
                            "@size": "fpm",
                            "$t": "http://photos.petfinder.com/photos/pets/32539434/3/?bust=1435189341&width=95&-fpm.jpg",
                            "@id": "3"
                        }, {
                            "@size": "x",
                            "$t": "http://photos.petfinder.com/photos/pets/32539434/3/?bust=1435189341&width=500&-x.jpg",
                            "@id": "3"
                        }, {
                            "@size": "pn",
                            "$t": "http://photos.petfinder.com/photos/pets/32539434/3/?bust=1435189341&width=300&-pn.jpg",
                            "@id": "3"
                        }, {
                            "@size": "t",
                            "$t": "http://photos.petfinder.com/photos/pets/32539434/3/?bust=1435189341&width=50&-t.jpg",
                            "@id": "3"
                        }]
                    }
                },
                "id": {
                    "$t": "32539434"
                },
                "shelterPetId": {},
                "breeds": {
                    "breed": {
                        "$t": "English Setter"
                    }
                },
                "name": {
                    "$t": "Bailey"
                },
                "sex": {
                    "$t": "F"
                },
                "description": {
                    "$t": "Bailey is a one of a kind dog who loves to cuddle.  She will run to your favorite chair and wait for you to return so that she can lay in your lap.  With children she loves to playÃ¢Â€Â”especially boys and young men.  ItÃ¢Â€Â™s clear that despite a difficult first part of her life, Bailey had a special loving male in her early life and wants to bond with a special new family and young male.  \n\nBailey has been wonderful with everyone she has met, and has not shown any aggressiveness towards strangers to her foster home.  She is attentive and always lets you know when someone comes to the door, but Bailey has not yet had the opportunity to play with little children.\n\nBailey is all Setter.  When she sees a bird or other animal she wonÃ¢Â€Â™t come when called and that may need work depending on the yard at her forever home.  As with many Setters, Baily has some itchy skin during allergy season, so adding Safflower oil to food, baths with KetoChlor, or other remedies recommended by your vet may be desirable should the itch seem too frequent.  \n\nBecause of damage caused by what appears to have been overuse of a choke collar, a harness is a must when taking Bailey out for walks.  Like many Setters, Bailey should be expected to pull if walked on a short leash without further training, but is great on a long line when allowed to wander a bit.\n\nBailey gets along with other dogs, but will guard her food when other dogs are near. Bailey doesn't eat much at each feeding, so is fed 3 times per day.  It is unknown if this is caused by an injury to her neck from the choker.  \n\nIf you're looking for a Setter who wants to be you affectionate companion, Bailey is for you.  Bailey the 7 year old spayed English Setter is being fostered in Kent, NY. In most cases, volunteer transport of your adopted dog is available to within 2 hours of your home.\n\nAbove and Beyond English Setter Rescue is not a shelter, but a group of volunteers who are committed to finding excellent homes for the dogs in our program. All of our dogs are living in foster homes in states across the country. Often times a dog is not geographically close to where an adopter lives. When possible, transport assistance is provided at no cost to the adopter. Our transports are coordinated by dedicated volunteers and driven by selfless volunteers.  For more information and to complete an application, please visit us at http://www.esrescue.org/Application.html"
                },
                "mix": {
                    "$t": "no"
                },
                "shelterId": {
                    "$t": "PA302"
                },
                "lastUpdate": {
                    "$t": "2015-07-16T14:23:27Z"
                },
                "animal": {
                    "$t": "Dog"
                }
            }, {
                "options": {
                    "option": [{
                        "$t": "hasShots"
                    }, {
                        "$t": "altered"
                    }]
                },
                "status": {
                    "$t": "A"
                },
                "contact": {
                    "phone": {},
                    "state": {
                        "$t": "NY"
                    },
                    "address2": {},
                    "email": {
                        "$t": "LadySetter@esrescue.org "
                    },
                    "city": {
                        "$t": "Schuyler Lake"
                    },
                    "zip": {
                        "$t": "13457"
                    },
                    "fax": {},
                    "address1": {
                        "$t": "123 Lake dr."
                    }
                },
                "age": {
                    "$t": "Young"
                },
                "size": {
                    "$t": "M"
                },
                "media": {
                    "photos": {
                        "photo": [{
                            "@size": "pnt",
                            "$t": "http://photos.petfinder.com/photos/pets/32798567/1/?bust=1437535282&width=60&-pnt.jpg",
                            "@id": "1"
                        }, {
                            "@size": "fpm",
                            "$t": "http://photos.petfinder.com/photos/pets/32798567/1/?bust=1437535282&width=95&-fpm.jpg",
                            "@id": "1"
                        }, {
                            "@size": "x",
                            "$t": "http://photos.petfinder.com/photos/pets/32798567/1/?bust=1437535282&width=500&-x.jpg",
                            "@id": "1"
                        }, {
                            "@size": "pn",
                            "$t": "http://photos.petfinder.com/photos/pets/32798567/1/?bust=1437535282&width=300&-pn.jpg",
                            "@id": "1"
                        }, {
                            "@size": "t",
                            "$t": "http://photos.petfinder.com/photos/pets/32798567/1/?bust=1437535282&width=50&-t.jpg",
                            "@id": "1"
                        }, {
                            "@size": "pnt",
                            "$t": "http://photos.petfinder.com/photos/pets/32798567/2/?bust=1449009303&width=60&-pnt.jpg",
                            "@id": "2"
                        }, {
                            "@size": "fpm",
                            "$t": "http://photos.petfinder.com/photos/pets/32798567/2/?bust=1449009303&width=95&-fpm.jpg",
                            "@id": "2"
                        }, {
                            "@size": "x",
                            "$t": "http://photos.petfinder.com/photos/pets/32798567/2/?bust=1449009303&width=500&-x.jpg",
                            "@id": "2"
                        }, {
                            "@size": "pn",
                            "$t": "http://photos.petfinder.com/photos/pets/32798567/2/?bust=1449009303&width=300&-pn.jpg",
                            "@id": "2"
                        }, {
                            "@size": "t",
                            "$t": "http://photos.petfinder.com/photos/pets/32798567/2/?bust=1449009303&width=50&-t.jpg",
                            "@id": "2"
                        }, {
                            "@size": "pnt",
                            "$t": "http://photos.petfinder.com/photos/pets/32798567/3/?bust=1449009304&width=60&-pnt.jpg",
                            "@id": "3"
                        }, {
                            "@size": "fpm",
                            "$t": "http://photos.petfinder.com/photos/pets/32798567/3/?bust=1449009304&width=95&-fpm.jpg",
                            "@id": "3"
                        }, {
                            "@size": "x",
                            "$t": "http://photos.petfinder.com/photos/pets/32798567/3/?bust=1449009304&width=500&-x.jpg",
                            "@id": "3"
                        }, {
                            "@size": "pn",
                            "$t": "http://photos.petfinder.com/photos/pets/32798567/3/?bust=1449009304&width=300&-pn.jpg",
                            "@id": "3"
                        }, {
                            "@size": "t",
                            "$t": "http://photos.petfinder.com/photos/pets/32798567/3/?bust=1449009304&width=50&-t.jpg",
                            "@id": "3"
                        }]
                    }
                },
                "id": {
                    "$t": "32798567"
                },
                "shelterPetId": {},
                "breeds": {
                    "breed": {
                        "$t": "English Setter"
                    }
                },
                "name": {
                    "$t": "Lucy AB#2015-032"
                },
                "sex": {
                    "$t": "F"
                },
                "description": {
                    "$t": "Gender: Female \nAge: 7 months, Approx. DOB 4/27/15\nSize/Weight: 30 pounds \nBreed: English setter mix \nSocialization/Training: \nGood with children? May be too active for toddlers; would be great with school age children \nGood with dogs? Lucy enjoys dogs she knows. She is cautious at first with dogs she does not know, very appropriate as she warms up. \nGood with cats? Unknown \nHousetrained? Yes \nCrate trained? Yes, Lucy sleeps in a crate at night, from 10:30pm until 6:30am. \nLeash trained? Improving \nActivity Level: Lucy is an active little girl. She loves to play, inside, outside, with other dogs, and by herself with toys. Lucy is athletic and agile. After some exercise, Lucy naps quietly in her ex-pen. Lucy is happy in her pen as long as she is where she can see her people. \nFence: Lucy will require a fence in her forever home. She is used to 6' chain link fencing. She does not patrol the fence line, dig or look to escape. I believe she could be trained to invisible fencing.\nBehavior: Lucy is a smart little girl. From an early age, she was fun to work with. She maintained excellent eye contact, she was food motivated and eager to please. Lucy is now attending a 6 week puppy obedience class. She has adjusted to this new setting with people and places she did not know, and she is doing very well! She is great fun! \nMedical History: Lucy is spayed, UTD on her vaccines, chipped, and receiving both flea and tick protection and heartworm preventative. \nFoster Comments: Lucy is in foster care with English setters and flat-coated retrievers. She would love to have a playful companion in her forever home, as well as lots of time with her family. \nFoster Location: Schuyler Lake, New York.\n In most cases, volunteer transport of your adopted dog is available to within 2 hours of your home.\n\nAbove and Beyond English Setter Rescue is not a shelter, but a group of volunteers who are committed to finding excellent homes for the dogs in our program. All of our dogs are living in foster homes in states across the country. Often times a dog is not geographically close to where an adopter lives. When possible, transport assistance is provided at no cost to the adopter. Our transports are coordinated by dedicated volunteers and driven by selfless volunteers.  For more information and to complete an application, please visit us at http://www.esrescue.org/Application.html"
                },
                "mix": {
                    "$t": "yes"
                },
                "shelterId": {
                    "$t": "PA302"
                },
                "lastUpdate": {
                    "$t": "2015-12-01T22:35:04Z"
                },
                "animal": {
                    "$t": "Dog"
                }
            }, {
                "options": {
                    "option": [{
                        "$t": "hasShots"
                    }, {
                        "$t": "altered"
                    }, {
                        "$t": "housetrained"
                    }]
                },
                "status": {
                    "$t": "A"
                },
                "contact": {
                    "phone": {},
                    "state": {
                        "$t": "TN"
                    },
                    "address2": {},
                    "email": {
                        "$t": "LadySetter@esrescue.org "
                    },
                    "city": {
                        "$t": "Cedar Grove"
                    },
                    "zip": {
                        "$t": "38321"
                    },
                    "fax": {},
                    "address1": {}
                },
                "age": {
                    "$t": "Adult"
                },
                "size": {
                    "$t": "M"
                },
                "media": {
                    "photos": {
                        "photo": [{
                            "@size": "pnt",
                            "$t": "http://photos.petfinder.com/photos/pets/33333935/1/?bust=1442847927&width=60&-pnt.jpg",
                            "@id": "1"
                        }, {
                            "@size": "fpm",
                            "$t": "http://photos.petfinder.com/photos/pets/33333935/1/?bust=1442847927&width=95&-fpm.jpg",
                            "@id": "1"
                        }, {
                            "@size": "x",
                            "$t": "http://photos.petfinder.com/photos/pets/33333935/1/?bust=1442847927&width=500&-x.jpg",
                            "@id": "1"
                        }, {
                            "@size": "pn",
                            "$t": "http://photos.petfinder.com/photos/pets/33333935/1/?bust=1442847927&width=300&-pn.jpg",
                            "@id": "1"
                        }, {
                            "@size": "t",
                            "$t": "http://photos.petfinder.com/photos/pets/33333935/1/?bust=1442847927&width=50&-t.jpg",
                            "@id": "1"
                        }, {
                            "@size": "pnt",
                            "$t": "http://photos.petfinder.com/photos/pets/33333935/2/?bust=1442847928&width=60&-pnt.jpg",
                            "@id": "2"
                        }, {
                            "@size": "fpm",
                            "$t": "http://photos.petfinder.com/photos/pets/33333935/2/?bust=1442847928&width=95&-fpm.jpg",
                            "@id": "2"
                        }, {
                            "@size": "x",
                            "$t": "http://photos.petfinder.com/photos/pets/33333935/2/?bust=1442847928&width=500&-x.jpg",
                            "@id": "2"
                        }, {
                            "@size": "pn",
                            "$t": "http://photos.petfinder.com/photos/pets/33333935/2/?bust=1442847928&width=300&-pn.jpg",
                            "@id": "2"
                        }, {
                            "@size": "t",
                            "$t": "http://photos.petfinder.com/photos/pets/33333935/2/?bust=1442847928&width=50&-t.jpg",
                            "@id": "2"
                        }, {
                            "@size": "pnt",
                            "$t": "http://photos.petfinder.com/photos/pets/33333935/3/?bust=1442847928&width=60&-pnt.jpg",
                            "@id": "3"
                        }, {
                            "@size": "fpm",
                            "$t": "http://photos.petfinder.com/photos/pets/33333935/3/?bust=1442847928&width=95&-fpm.jpg",
                            "@id": "3"
                        }, {
                            "@size": "x",
                            "$t": "http://photos.petfinder.com/photos/pets/33333935/3/?bust=1442847928&width=500&-x.jpg",
                            "@id": "3"
                        }, {
                            "@size": "pn",
                            "$t": "http://photos.petfinder.com/photos/pets/33333935/3/?bust=1442847928&width=300&-pn.jpg",
                            "@id": "3"
                        }, {
                            "@size": "t",
                            "$t": "http://photos.petfinder.com/photos/pets/33333935/3/?bust=1442847928&width=50&-t.jpg",
                            "@id": "3"
                        }]
                    }
                },
                "id": {
                    "$t": "33333935"
                },
                "shelterPetId": {},
                "breeds": {
                    "breed": {
                        "$t": "English Setter"
                    }
                },
                "name": {
                    "$t": "Jagger AB#2014-014"
                },
                "sex": {
                    "$t": "M"
                },
                "description": {
                    "$t": "Gender: Male\nAge: 6.5 yrs\nSize/Weight: 62#\nColor: Blue (Black)& White\n\nSocialization/training:\nGood with Children: Probably fine with older than toddlers.\nGood with Dogs: yes. Accepts other dogs easily.\nGood with Cats: unknown\nHouse trained: yes\nCrate trained: unknown\nLeash trained: Not too bad, but still needs work.\n\nActivity Level: Moderate, typical middle aged Setter, active outside and settles nicely inside.\n\nFence: A fenced yard preferred, but would consider a good walking regiment & dog parks.\n\nBehavior: Jag enjoys the company of people. He will lay by your feet and then put his chin on the chair, or your arm, etc. for some pets. \n\nMedical History: neutered, up to date on vaccines, and heartworm testing. Currently has an ear infection that is being treated.\n\nFoster Comments: \nJag came in to rescue as somewhat of a wild child. He was adopted last year and his Dad did a great job of helping him learn how a good dog behaves. Unfortunately, due to a changing environment and NO FAULT of Jag, he needs to be relocated. He has made a very easy transition to his foster home and settled in nicely with no set backs. He has never made a mistake in our home. He sleeps on a dog bed in our bedroom at night, although he would LOVE to cuddle with you in bed.\n\nJag is can be very birdy and even point at flys...and once in a whle even has one or two for a snack! He is cheaper than fly paper and not nearly as messy. \n\nHe get along just fine with dogs. Foster home has 5 Setters of all ages and tempermants. When they came to greet him on the first meeting, he handled them all calmly and said \"hello\" back. I don't know if Jag like cats or not. There is a parrot in the foster home and he just sits and stares, but never attempts to get close. Foster Mom can probably cat test him if necessary.\n\nJag like \"kids\" as long as they leave the tip of his tail alone. He may just growl and turn to look at them, but it is a tender part of his furry self, so maybe he shouldn't be around toddlers that may not remember to leave his tail alone.\n\nJag just seems to \"go with the flow\". He enjoys car rides, he enjoys running around the yard, but he also enjoys being by your side inside too.\n\nJag is being fostered in Cedar Grove, TN. In most cases, volunteer transport of your adopted dog is available to within 2 hours of your home.\n\nAbove and Beyond English Setter Rescue is not a shelter, but a group of volunteers who are committed to finding excellent homes for the dogs in our program. All of our dogs are living in foster homes in states across the country. Often times a dog is not geographically close to where an adopter lives. When possible, transport assistance is provided at no cost to the adopter. Our transports are coordinated by dedicated volunteers and driven by selfless volunteers.  For more information and to complete an application, please visit us at http://www.esrescue.org/Application.html"
                },
                "mix": {
                    "$t": "no"
                },
                "shelterId": {
                    "$t": "PA302"
                },
                "lastUpdate": {
                    "$t": "2015-11-14T00:14:37Z"
                },
                "animal": {
                    "$t": "Dog"
                }
            }, {
                "options": {
                    "option": [{
                        "$t": "hasShots"
                    }, {
                        "$t": "altered"
                    }, {
                        "$t": "noCats"
                    }, {
                        "$t": "housetrained"
                    }]
                },
                "status": {
                    "$t": "A"
                },
                "contact": {
                    "phone": {},
                    "state": {
                        "$t": "FL"
                    },
                    "address2": {},
                    "email": {
                        "$t": "LadySetter@esrescue.org "
                    },
                    "city": {
                        "$t": "Orlando"
                    },
                    "zip": {
                        "$t": "32837"
                    },
                    "fax": {},
                    "address1": {}
                },
                "age": {
                    "$t": "Young"
                },
                "size": {
                    "$t": "M"
                },
                "media": {
                    "photos": {
                        "photo": [{
                            "@size": "pnt",
                            "$t": "http://photos.petfinder.com/photos/pets/33382021/1/?bust=1449024478&width=60&-pnt.jpg",
                            "@id": "1"
                        }, {
                            "@size": "fpm",
                            "$t": "http://photos.petfinder.com/photos/pets/33382021/1/?bust=1449024478&width=95&-fpm.jpg",
                            "@id": "1"
                        }, {
                            "@size": "x",
                            "$t": "http://photos.petfinder.com/photos/pets/33382021/1/?bust=1449024478&width=500&-x.jpg",
                            "@id": "1"
                        }, {
                            "@size": "pn",
                            "$t": "http://photos.petfinder.com/photos/pets/33382021/1/?bust=1449024478&width=300&-pn.jpg",
                            "@id": "1"
                        }, {
                            "@size": "t",
                            "$t": "http://photos.petfinder.com/photos/pets/33382021/1/?bust=1449024478&width=50&-t.jpg",
                            "@id": "1"
                        }, {
                            "@size": "pnt",
                            "$t": "http://photos.petfinder.com/photos/pets/33382021/2/?bust=1449024478&width=60&-pnt.jpg",
                            "@id": "2"
                        }, {
                            "@size": "fpm",
                            "$t": "http://photos.petfinder.com/photos/pets/33382021/2/?bust=1449024478&width=95&-fpm.jpg",
                            "@id": "2"
                        }, {
                            "@size": "x",
                            "$t": "http://photos.petfinder.com/photos/pets/33382021/2/?bust=1449024478&width=500&-x.jpg",
                            "@id": "2"
                        }, {
                            "@size": "pn",
                            "$t": "http://photos.petfinder.com/photos/pets/33382021/2/?bust=1449024478&width=300&-pn.jpg",
                            "@id": "2"
                        }, {
                            "@size": "t",
                            "$t": "http://photos.petfinder.com/photos/pets/33382021/2/?bust=1449024478&width=50&-t.jpg",
                            "@id": "2"
                        }, {
                            "@size": "pnt",
                            "$t": "http://photos.petfinder.com/photos/pets/33382021/3/?bust=1449024479&width=60&-pnt.jpg",
                            "@id": "3"
                        }, {
                            "@size": "fpm",
                            "$t": "http://photos.petfinder.com/photos/pets/33382021/3/?bust=1449024479&width=95&-fpm.jpg",
                            "@id": "3"
                        }, {
                            "@size": "x",
                            "$t": "http://photos.petfinder.com/photos/pets/33382021/3/?bust=1449024479&width=500&-x.jpg",
                            "@id": "3"
                        }, {
                            "@size": "pn",
                            "$t": "http://photos.petfinder.com/photos/pets/33382021/3/?bust=1449024479&width=300&-pn.jpg",
                            "@id": "3"
                        }, {
                            "@size": "t",
                            "$t": "http://photos.petfinder.com/photos/pets/33382021/3/?bust=1449024479&width=50&-t.jpg",
                            "@id": "3"
                        }]
                    }
                },
                "id": {
                    "$t": "33382021"
                },
                "shelterPetId": {},
                "breeds": {
                    "breed": {
                        "$t": "English Setter"
                    }
                },
                "name": {
                    "$t": "LUCKY"
                },
                "sex": {
                    "$t": "M"
                },
                "description": {
                    "$t": "Gender: Male\nAge: 2 years Approx. date of birth 12/3/13\nSize/Weight: 42pounds\nColor: Tri\n\nSocialization/training\nGood with Children: No. Too nervous.\nGood with Dogs: Lucky enjoys being with his brother, Hunter, who is also up for adoption. Lucky also gets along with the resident dogs, his favorite being a small Chihuahua. Lucky should be adopted with his brother Hunter, or into a home with a friendly resident dog.\nGood with Cats: no\n\nHouse trained: yes, but still chews on things.\nCrate trained: yes. Prefer no longer than 4 hours\n\nActivity Level: Puppy energy\nFence: A fenced yard would be wonderful for him to burn off some of his puppy energy.Behavior: Loves to cuddle once he feels safe with you. Cautious. More comfortable with women.\n\nMedical History: Had Parvo as a puppy. Treated for heatworm disease. Up to date on his vaccinations, microchipped, and neutered. He is now heartworm-free and healthy with no effects from his treatment.\n\nFoster Comments: Owner surrender to Rescue. Lucky survived Parvo as a puppy, but he was kept outside in a kennel in the heat, dirt, and humidity of the south. Along with his brother Hunter he was isolated from people and all things good that dogs love and deserve like tummy rubs, a comfy dog bed, and delicious dog treats. He received no love or affection and nobody paid any attention to him.\n\nIn the house, Lucky is quiet and calm, his favorite activity is to snuggle and cuddle on the ocuch while getting his hind-end scratched! It has taken a long time to get to this point however as when he arrived at his foster home he was afraid and anxious about everything. He is starting to relax a little more but is still very cautious; he seems more comfortable around women and he can be a little more guarded around men. \n\nHe hasn't been around children but should probably go to a calmerhousehold where he doesn't feel overwhelmed. His foster family gave Lucky toys but he was unsure of the concept so he chewed them all up. Lucky is very young and will not only chew on toys, but anything else he can get his teeth on; this means furniture and dog beds, he will even chew the leather collars off on other dogs! For this reason, Lucky should be crated when left alone for his safety, until he matures a little and outgrows the puppy stage. Ideally he should not be left alone for more than 3-4 hrs. daily.\n\nHe needs a caring, patient adopter with an understanding of his background; a slow introduction to his new environment will help to manage the stress and anxiety of change. Another dog friend will help ease the transition.\n\nLocation: Homosassa, FL. In most cases, volunteer transport available for your adopted dog to within 2 hours of your home.\n\nAbove and Beyond English Setter Rescue is not a shelter, but a group of volunteers who are committed to finding excellent homes for the dogs in our program. All of our dogs are living in foster homes in states across the country. Often times a dog is not geographically close to where an adopter lives. When possible, transport assistance is provided at no cost to the adopter. Our transports are coordinated by dedicated volunteers and driven by selfless volunteers.  For more information and to complete an application, please visit us at http://www.esrescue.org/Application.html"
                },
                "mix": {
                    "$t": "no"
                },
                "shelterId": {
                    "$t": "PA302"
                },
                "lastUpdate": {
                    "$t": "2015-12-02T02:47:57Z"
                },
                "animal": {
                    "$t": "Dog"
                }
            }, {
                "options": {
                    "option": [{
                        "$t": "hasShots"
                    }, {
                        "$t": "altered"
                    }, {
                        "$t": "housetrained"
                    }]
                },
                "status": {
                    "$t": "A"
                },
                "contact": {
                    "phone": {},
                    "state": {
                        "$t": "OK"
                    },
                    "address2": {},
                    "email": {
                        "$t": "LadySetter@esrescue.org "
                    },
                    "city": {
                        "$t": "Tulsa"
                    },
                    "zip": {
                        "$t": "74107"
                    },
                    "fax": {},
                    "address1": {}
                },
                "age": {
                    "$t": "Adult"
                },
                "size": {
                    "$t": "M"
                },
                "media": {
                    "photos": {
                        "photo": [{
                            "@size": "pnt",
                            "$t": "http://photos.petfinder.com/photos/pets/33974802/1/?bust=1449611564&width=60&-pnt.jpg",
                            "@id": "1"
                        }, {
                            "@size": "fpm",
                            "$t": "http://photos.petfinder.com/photos/pets/33974802/1/?bust=1449611564&width=95&-fpm.jpg",
                            "@id": "1"
                        }, {
                            "@size": "x",
                            "$t": "http://photos.petfinder.com/photos/pets/33974802/1/?bust=1449611564&width=500&-x.jpg",
                            "@id": "1"
                        }, {
                            "@size": "pn",
                            "$t": "http://photos.petfinder.com/photos/pets/33974802/1/?bust=1449611564&width=300&-pn.jpg",
                            "@id": "1"
                        }, {
                            "@size": "t",
                            "$t": "http://photos.petfinder.com/photos/pets/33974802/1/?bust=1449611564&width=50&-t.jpg",
                            "@id": "1"
                        }, {
                            "@size": "pnt",
                            "$t": "http://photos.petfinder.com/photos/pets/33974802/2/?bust=1449611565&width=60&-pnt.jpg",
                            "@id": "2"
                        }, {
                            "@size": "fpm",
                            "$t": "http://photos.petfinder.com/photos/pets/33974802/2/?bust=1449611565&width=95&-fpm.jpg",
                            "@id": "2"
                        }, {
                            "@size": "x",
                            "$t": "http://photos.petfinder.com/photos/pets/33974802/2/?bust=1449611565&width=500&-x.jpg",
                            "@id": "2"
                        }, {
                            "@size": "pn",
                            "$t": "http://photos.petfinder.com/photos/pets/33974802/2/?bust=1449611565&width=300&-pn.jpg",
                            "@id": "2"
                        }, {
                            "@size": "t",
                            "$t": "http://photos.petfinder.com/photos/pets/33974802/2/?bust=1449611565&width=50&-t.jpg",
                            "@id": "2"
                        }, {
                            "@size": "pnt",
                            "$t": "http://photos.petfinder.com/photos/pets/33974802/3/?bust=1449611566&width=60&-pnt.jpg",
                            "@id": "3"
                        }, {
                            "@size": "fpm",
                            "$t": "http://photos.petfinder.com/photos/pets/33974802/3/?bust=1449611566&width=95&-fpm.jpg",
                            "@id": "3"
                        }, {
                            "@size": "x",
                            "$t": "http://photos.petfinder.com/photos/pets/33974802/3/?bust=1449611566&width=500&-x.jpg",
                            "@id": "3"
                        }, {
                            "@size": "pn",
                            "$t": "http://photos.petfinder.com/photos/pets/33974802/3/?bust=1449611566&width=300&-pn.jpg",
                            "@id": "3"
                        }, {
                            "@size": "t",
                            "$t": "http://photos.petfinder.com/photos/pets/33974802/3/?bust=1449611566&width=50&-t.jpg",
                            "@id": "3"
                        }]
                    }
                },
                "id": {
                    "$t": "33974802"
                },
                "shelterPetId": {},
                "breeds": {
                    "breed": {
                        "$t": "English Setter"
                    }
                },
                "name": {
                    "$t": "OLIVER"
                },
                "sex": {
                    "$t": "M"
                },
                "description": {
                    "$t": "Gender: Male\nAge: 2 - 4 years, Approx. DOB 11/17/12 \nSize/Weight: medium/40 lbs\n\nSocialization/training: \nGood with Children: not tested\nGood with Dogs: He gets along with my 2 dogs.\nGood with Cats: not tested\nHouse trained: Yes. When he first arrived, there were a few mistakes - but he is doing fine now.\nCrate trained: not tested\nLeash trained: no\nHe is curious about everything. Loud noises will startle him.  We have started on basic commands. \n \nActivity Level:  Loves to play with squeaky toys. Very playful during the day, can entertain himself, loves to be outside but when it gets dark, he slows down and is very laid back. He is  very lovable and comes up to you for ear rubs. \nFence: We have a 6' privacy fence. He will watch the squirrels in the trees on the other side of the fence and run the fence line. He loves to run, so would need a fenced-in yard.  \n \nBehavior:  He is affectionate and will cuddle with you on the sofa or bed. He makes himself right at home. He has learned to use the doggy door, so he is able to go in and out at ease. \n\nMedical History: Neutered, up to date on shots.\n\nFoster Comments: He is such a sweet boy. Will be a great addition to any family.  \n  \nFoster Location: Tulsa, OK\nIn most cases volunteer transport is available for your adopted dog to within 2 hours of your home.\n\nAbove and Beyond English Setter Rescue is not a shelter, but a group of volunteers who are committed to finding excellent homes for the dogs in our program. All of our dogs are living in foster homes in states across the country. Often times a dog is not geographically close to where an adopter lives. When possible, transport assistance is provided at no cost to the adopter. Our transports are coordinated by dedicated volunteers and driven by selfless volunteers.  For more information and to complete an application, please visit us at http://www.esrescue.org/Application.html"
                },
                "mix": {
                    "$t": "no"
                },
                "shelterId": {
                    "$t": "PA302"
                },
                "lastUpdate": {
                    "$t": "2015-12-08T21:52:46Z"
                },
                "animal": {
                    "$t": "Dog"
                }
            }, {
                "options": {
                    "option": [{
                        "$t": "hasShots"
                    }, {
                        "$t": "altered"
                    }, {
                        "$t": "housetrained"
                    }]
                },
                "status": {
                    "$t": "A"
                },
                "contact": {
                    "phone": {},
                    "state": {
                        "$t": "PA"
                    },
                    "address2": {},
                    "email": {
                        "$t": "LadySetter@esrescue.org "
                    },
                    "city": {
                        "$t": "Erie"
                    },
                    "zip": {
                        "$t": "16504"
                    },
                    "fax": {},
                    "address1": {}
                },
                "age": {
                    "$t": "Young"
                },
                "size": {
                    "$t": "M"
                },
                "media": {
                    "photos": {
                        "photo": [{
                            "@size": "pnt",
                            "$t": "http://photos.petfinder.com/photos/pets/33989550/1/?bust=1449765664&width=60&-pnt.jpg",
                            "@id": "1"
                        }, {
                            "@size": "fpm",
                            "$t": "http://photos.petfinder.com/photos/pets/33989550/1/?bust=1449765664&width=95&-fpm.jpg",
                            "@id": "1"
                        }, {
                            "@size": "x",
                            "$t": "http://photos.petfinder.com/photos/pets/33989550/1/?bust=1449765664&width=500&-x.jpg",
                            "@id": "1"
                        }, {
                            "@size": "pn",
                            "$t": "http://photos.petfinder.com/photos/pets/33989550/1/?bust=1449765664&width=300&-pn.jpg",
                            "@id": "1"
                        }, {
                            "@size": "t",
                            "$t": "http://photos.petfinder.com/photos/pets/33989550/1/?bust=1449765664&width=50&-t.jpg",
                            "@id": "1"
                        }, {
                            "@size": "pnt",
                            "$t": "http://photos.petfinder.com/photos/pets/33989550/2/?bust=1449765665&width=60&-pnt.jpg",
                            "@id": "2"
                        }, {
                            "@size": "fpm",
                            "$t": "http://photos.petfinder.com/photos/pets/33989550/2/?bust=1449765665&width=95&-fpm.jpg",
                            "@id": "2"
                        }, {
                            "@size": "x",
                            "$t": "http://photos.petfinder.com/photos/pets/33989550/2/?bust=1449765665&width=500&-x.jpg",
                            "@id": "2"
                        }, {
                            "@size": "pn",
                            "$t": "http://photos.petfinder.com/photos/pets/33989550/2/?bust=1449765665&width=300&-pn.jpg",
                            "@id": "2"
                        }, {
                            "@size": "t",
                            "$t": "http://photos.petfinder.com/photos/pets/33989550/2/?bust=1449765665&width=50&-t.jpg",
                            "@id": "2"
                        }, {
                            "@size": "pnt",
                            "$t": "http://photos.petfinder.com/photos/pets/33989550/3/?bust=1449765666&width=60&-pnt.jpg",
                            "@id": "3"
                        }, {
                            "@size": "fpm",
                            "$t": "http://photos.petfinder.com/photos/pets/33989550/3/?bust=1449765666&width=95&-fpm.jpg",
                            "@id": "3"
                        }, {
                            "@size": "x",
                            "$t": "http://photos.petfinder.com/photos/pets/33989550/3/?bust=1449765666&width=500&-x.jpg",
                            "@id": "3"
                        }, {
                            "@size": "pn",
                            "$t": "http://photos.petfinder.com/photos/pets/33989550/3/?bust=1449765666&width=300&-pn.jpg",
                            "@id": "3"
                        }, {
                            "@size": "t",
                            "$t": "http://photos.petfinder.com/photos/pets/33989550/3/?bust=1449765666&width=50&-t.jpg",
                            "@id": "3"
                        }]
                    }
                },
                "id": {
                    "$t": "33989550"
                },
                "shelterPetId": {},
                "breeds": {
                    "breed": {
                        "$t": "English Setter"
                    }
                },
                "name": {
                    "$t": "Betsy"
                },
                "sex": {
                    "$t": "F"
                },
                "description": {
                    "$t": "Gender: Female\nAge: 7 months, approximate DOB 5/5/15 \nSize/Weight: 30 lbs. Ã¢Â€Â“ very petite build Ã¢Â€Â“ likely will not get much bigger than her current size\nBreed: Setter mix\nColor: Chocolate with one white speckled paw and some white on her chest\n\nSocialization/training:  \nGood with Children: great with kids!  Gravitates towards them.  SheÃ¢Â€Â™s very laid back and not jumpy so I think she would be great with small children.  SheÃ¢Â€Â™s also not mouthy Ã¢Â€Â“ sheÃ¢Â€Â™s outgrown her mouthing of hands etc.  \nGood with Dogs:  Wonderful with other dogs.  Seeks to play with other dogs. She is very gentle.  Plays well with my young and older dog and knows her boundaries.  \nGood with Cats: Not sure but sheÃ¢Â€Â™s very gentle and doesnÃ¢Â€Â™t seem to have a high prey drive\nHouse trained: Yes \nCrate trained: Yes \nLeash trained:  Yes Ã¢Â€Â“ needs a little work but is very good for her age\n\nActivity Level: Very laid back for a puppy.  She is playful but not obnoxious.  She does like to chew but understands no when she has something she shouldnÃ¢Â€Â™t.   She likes rawhides and antlers and thatÃ¢Â€Â™s been keeping her chewing occupied.  \nFence: Betsy should probably have a fenced yard or invisible fence.   She can chew through a leash and a tie out rope very quickly Ã¢Â€Â“ anything fabric based she can chew through to free herself in a short time.  \nBehavior: Very much a cuddler.  Would like to be on your lap watching TV.  She likes to be where you are so she will follow you from room to room.  \nMedical History:  Clean bill of health.  Came into rescue underweight but has since gained sufficient weight.  Will be spayed December 17th. \n\nFoster Comments:  Betsy has been a wonder foster pup!   Very sweet and well behaved. IÃ¢Â€Â™m extremely impressed with what a wonderful temperament she has considering her rough start in life.   Betsy is a little bit nervous until she learns her surroundings and routine.  SheÃ¢Â€Â™s done very well in my house with routine and understands quite a bit at her young age.   SheÃ¢Â€Â™s been a joy to have and is a wonderful playmate for my 2 year old setter.   She would be a wonderful addition to a family.  \nWorking on sit, come and lay down.  Also working on coming to a whistle while off leash.  Takes treats very gently.   Great for baths but still working on getting comfortable with cutting nails.   Rides very well in the car Ã¢Â€Â“ less nervous each time.  \nBetsy was already housebroken and crate trained when she arrived.  She does not go to the door when she needs to go out but knows what it means when I say letÃ¢Â€Â™s go outside to go potty.  She does pace a bit when she needs to go out so thatÃ¢Â€Â™s what I watch for.  She hasnÃ¢Â€Â™t had an accident in the house.  I leave her loose in the house at night baby gated with my other two dogs in the bedroom.  She usually curls up at the end of the bed or on a dog bed.  ??\n\nFoster Location: Erie, PA \nIn most cases volunteer transport is available for your adopted dog to within 2 hours of your home.\n\nAbove and Beyond English Setter Rescue is not a shelter, but a group of volunteers who are committed to finding excellent homes for the dogs in our program. All of our dogs are living in foster homes in states across the country. Often times a dog is not geographically close to where an adopter lives. When possible, transport assistance is provided at no cost to the adopter. Our transports are coordinated by dedicated volunteers and driven by selfless volunteers.  For more information and to complete an application, please visit us at http://www.esrescue.org/Application.html"
                },
                "mix": {
                    "$t": "yes"
                },
                "shelterId": {
                    "$t": "PA302"
                },
                "lastUpdate": {
                    "$t": "2015-12-10T16:41:06Z"
                },
                "animal": {
                    "$t": "Dog"
                }
            }]
        },
        "header": {
            "timestamp": {
                "$t": "2015-12-10T18:09:13Z"
            },
            "status": {
                "message": {},
                "code": {
                    "$t": "100"
                }
            },
            "version": {
                "$t": "0.1"
            }
        },
        "@xsi:noNamespaceSchemaLocation": "http://api.petfinder.com/schemas/0.9/petfinder.xsd"
    }
}
